dia,t_min,t_max,t_media,precipitaciones
2026-04-16,11.2,22.5,16.9,0.0
2026-04-17,10.8,23.1,17.0,0.0
2026-04-18,12.0,24.3,18.2,0.0
2026-04-19,13.1,25.0,19.1,0.0
2026-04-20,12.7,24.6,18.7,1.2
2026-04-21,11.9,22.8,17.4,4.5
2026-04-22,10.5,21.7,16.1,8.0
2026-04-23,9.8,20.9,15.4,2.3
2026-04-24,10.1,21.5,15.8,0.0
2026-04-25,11.4,23.0,17.2,0.0
2026-04-26,12.2,24.1,18.2,0.0
2026-04-27,13.0,25.5,19.3,0.0
2026-04-28,14.1,26.2,20.2,0.0
2026-04-29,14.5,27.0,20.8,0.0
2026-04-30,15.0,27.8,21.4,0.0
2026-05-01,15.3,28.1,21.7,0.0
2026-05-02,16.0,29.4,22.7,0.0
2026-05-03,15.8,28.7,22.3,0.4
2026-05-04,14.9,26.9,20.9,3.1
2026-05-05,13.7,25.4,19.6,6.7
2026-05-06,12.8,24.2,18.5,9.4
2026-05-07,13.2,25.1,19.2,1.8
2026-05-08,14.0,26.5,20.3,0.0
2026-05-09,14.7,27.3,21.0,0.0
2026-05-10,15.1,28.0,21.6,0.0
2026-05-11,16.2,29.1,22.7,0.0
2026-05-12,17.0,30.4,23.7,0.0
2026-05-13,17.5,31.2,24.4,0.0
2026-05-14,18.1,32.0,25.1,0.0
2026-05-15,18.4,32.5,25.5,0.0